Mã,Số news
HPG,1124
MSN,1055
VPB,930
FPT,800
VND,788
SSB,754
PNJ,751
VIB,751
VHM,745
HAG,670
DXG,662
EIB,636
KBC,635
STB,610
SHB,604
OCB,597
KDH,579
VSC,568
HSG,550
VCB,549
REE,520
GEX,514
TPB,492
HCM,485
VJC,461
VRE,451
HHV,438
DGW,432
DGC,430
ACB,429
KDC,426
DBC,424
FRT,418
HDG,415
NKG,412
VIX,405
VCG,404
VHC,396
GMD,386
FTS,386
BCM,381
CMG,378
EVF,374
PVD,372
IMP,371
NAB,368
SIP,365
PLX,360
VPI,351
SAB,350
TCH,350
PTB,339
GAS,338
DPM,333
BWE,325
POW,319
SZC,315
VGC,314
CTR,313
BSI,307
GVR,305
KOS,305
VTP,300
SCS,299
ANV,288
BVH,283
CTS,282
TLG,280
PC1,276
DCM,264
PAN,264
PHR,256
HT1,235
PPC,224
SJS,219
GEE,213
PVT,210
BMP,208
DXS,200
NT2,179
LPB,20
HDB,20
BID,20
HDC,20
VIC,20
CII,20
SBT,20
MBB,20
MSB,20
PDR,20
CTD,20
MWG,20
TCB,20
NLG,20
CTG,20
SSI,20
DIG,20
VCI,20
VNM,19
DSE,1
