mack,news_count
ACB,429
ANV,288
BCM,381
BID,20
BMP,208
BSI,307
BVH,283
BWE,325
CII,20
CMG,378
CTD,20
CTG,20
CTR,313
CTS,282
DBC,424
DCM,264
DGC,431
DGW,432
DIG,20
DPM,333
DSE,1
DXG,662
DXS,200
EIB,636
EVF,374
FPT,801
FRT,418
FTS,386
GAS,338
GEE,214
GEX,514
GMD,386
GVR,305
HAG,670
HCM,485
HDB,20
HDC,20
HDG,416
HHV,438
HPG,1125
HSG,550
HT1,235
IMP,371
KBC,635
KDC,426
KDH,579
KOS,305
LPB,20
MBB,20
MSB,20
MSN,1055
MWG,20
NAB,368
NKG,412
NLG,20
NT2,179
OCB,597
PAN,264
PC1,276
PDR,20
PHR,256
PLX,360
PNJ,751
POW,319
PPC,224
PTB,339
PVD,372
PVT,210
REE,520
SAB,350
SBT,20
SCS,299
SHB,604
SIP,365
SJS,219
SSB,754
SSI,20
STB,611
SZC,315
TCB,20
TCH,350
TLG,280
TPB,492
VCB,549
VCG,404
VCI,20
VGC,314
VHC,396
VHM,745
VIB,751
VIC,20
VIX,405
VJC,461
VND,788
VNM,19
VPB,930
VPI,351
VRE,451
VSC,568
VTP,300
TỔNG,35481
